Campaign;Account;Campaign ID;Unique users;Avg. impr. freq. / user
Porsche Pia Aug 2025 (DN) - CPC;Porsche Osobna Vozila;22858066253;863,571;8.4
Porsche Pia Sept 2025 (DG) - CPC;Porsche Osobna Vozila;22978900537;1,102,672;10.8
Pipi Jun - Aug 2025 (DN) - CPM;Pipi;22765720285;1,207,028;8
BIC Miss Soleil Jun - Aug 2025 (YT) - Reach Mix - CPM;BIC;22697168561;865,914;3.5
Saponia Ornel Nagradna Igra BiH Jun - Jul 2025 (DN) - CPC;Saponia;22632811349;925,748;6.7
Cupra Formentor Jul - Aug 2025 (YT) - CPM;Porsche Cupra 2023;22779402390;1,355,339;4.7
Energycom New Creatives Jun - Jul 2025 (DN) - CPC;ENERGYCOM D.O.O.;22650248377;67,131;2.3
Energycom New Creatives Jun - Jul 2025 - Performance Max;ENERGYCOM D.O.O.;22646649812;;
Cupra Formentor Jul - Aug 2025 (DG) - CPC;Porsche Cupra 2023;22779402381;999,852;9.4
202506//Weisser Riese//Re-imagine Scent_Deo Fresh//Laundry Monster//video//Bumper;CEE//HR//L//HDD Value for Money//Mileage//Weisser Riese;22623704862;1,121,725;3.1
202506//Weisser Riese//Re-imagine Scent_Deo Fresh//Laundry Monster//video//Trueview;CEE//HR//L//HDD Value for Money//Mileage//Weisser Riese;22623626124;907,403;3.7
Energycom Jan - Feb 2025 (DN) - CPC;ENERGYCOM D.O.O.;22153504697;70,067;2.3
202503//Taft Spray&Mousse//Taft_STY Aloe Boost B 25//Taft_STY Aloe Boost B 25//video//bumper;CEE//HR//B//Hair Styling//Taft Spray&Mousse//Taft Spray&Mousse;22339783192;576,422;1.8
202503//Taft Spray&Mousse//Taft_STY Aloe Boost B 25//Taft_STY Aloe Boost B 25//video//trueview;CEE//HR//B//Hair Styling//Taft Spray&Mousse//Taft Spray&Mousse;22339790134;431,651;1.8
Energycom Jan - Dec 2026 - Performance Max;ENERGYCOM D.O.O.;22153504496;;
UHU BTS Aug - Sep 2025 (DN) - CPM;UHU EUR;22917978217;287,485;38.8
Rio Mare Sicily August 2025 (YT) - CPM;Rio Mare EUR;22857496712;1,361,956;3.3
UHU BTS Aug - Sep 2025 (YT) - Bumper - CPM;UHU EUR;22914435242;518,210;4.3
Elgrad GDN Always On 2025 (DN) - CPC;Elgrad Austria EUR;22257842791;92,993;4.3
Borotalco Pure June 2025 (Bumper);Borotalco EUR;22711295453;1,035,204;2.3
Borotalco Men Aug - Sep 2025 (CPM) - Bumper;Borotalco EUR;22928971609;792,454;2.4
Borotalco Pure June 2025 (CPV);Borotalco EUR;22714966255;919,833;5.9
Borotalco Men Aug - Sep 2025 (CPV) - VVC;Borotalco EUR;22919079036;554,630;3.7
Loacker Sep - Oct 2025 (YT) - Reach Mix 2.0 - CPM;Loacker EUR;23012659355;627,998;2.1
Loacker Sep - Oct 2025 (YT) - VVC - CPV;Loacker EUR;23016634492;168,181;2.1
T03_000008_HR_ESU_SunFaceRange_AW_Apr25_Jul25_fullf_OMD_DigGR_Shorts;HR_EUCERIN_Google Ads_OMD_Video;22637317905;350,727;2.3
T03_000008_HR_ESU_SunFaceRange_AW_Apr25_Jul25_fullf_OMD_DigGR_Bumper;HR_EUCERIN_Google Ads_OMD_Video;22643474570;559,885;1.7
T03_000008_HR_ESU_SunFaceRange_AW_Apr25_Jul25_fullf_OMD_DigGR_Trueview;HR_EUCERIN_Google Ads_OMD_Video;22643359196;410,408;1.5
VID_OMD_SI-SL_GB_BEA_HairCare_Straight&CurlerCore_NA_GOO_BRD_SenseIQ_10.09.-30.10.2025;Philips_SLO;23034204641;149,227;2
PMAX_OMD_RS-SR_GB_OG_OneBladeOther_OneBladeComm.Inn._RECMANOB_GOO_BRD_1st shave_05.09.-15.10.;Philips Serbia DAN;22986885344;;
DG_OMD_SI-SL_GB_BEA_HairCare_Straight&CurlerCore_NA_GOO_BRD_SenseIQ_10.09.-30.10.2025;Philips_SLO;23038253197;73,534;4.6
VID_OMD_RS-SR_GB_OG_OneBladeOther_OneBladeComm.Inn._RECMANOB_GOO_BRD_1st shave_teens_05.09.-15.10.;Philips Serbia DAN;22986865835;306,807;3.1
VID_OMD_RS-SR_GB_OG_OneBladeOther_OneBladeComm.Inn._RECMANOB_GOO_BRD_One Blade_3.9.-5.10.;Philips Serbia DAN;22973430471;1,610,308;3.2
VID_OMD_RS-SR_GB_OG_OneBladeOther_OneBladeComm.Inn._RECMANOB_GOO_BRD_1st shave_parents_05.09.-15.10.;Philips Serbia DAN;22986865838;551,773;1.8
VID_OMD_RS-SR_OHC_PTB_PTBPremium_Sonicare8000S_RECMTPTB_GOO_BRD_Sonicare Prismatic_Awareness_25.6.-20.7.2025;Philips Serbia DAN;22737245028;2,710,957;4.5
DG_OMD_RS-SR_GB_OG_OneBladeOther_OneBladeComm.Inn._RECMANOB_GOO_BRD_OneBlade_16.6.-20.8.2025.;Philips Serbia DAN;22686031805;656,675;4.6
PMAX_OMD_RS-SR_GB_OG_OneBladeOther_OneBladeComm.Inn._RECMANOB_GOO_BRD_Intimate_W_9.6.-30.7.;Philips Serbia DAN;22657308689;;
PMAX_OMD_SI-SL_GB_BEA_HairCare_Straight&CurlerCore_NA_GOO_BRD_SenseIQ_10.09.-30.10.2025;Philips_SLO;23034203750;;
VID_OMD_SI-SL_GB_OG_OneBladeOther_OneBladeComm.Inn._RECMANOB_GOO_BRD_One Blade 16.6.-20.8.2025.;Philips_SLO;22679984082;410,046;2.5
VID_OMD_SI-SL_OHC_PTB_PTBPremium_Sonicare8000S_RECMTPTB_GOO_BRD_Sonicare Prismatic_Awareness_25.6.-20.7.2025;Philips_SLO;22747183861;532,053;2.9
DG_OMD_RS-SR_GB_BEA_HairCare_Straight&CurlerCore_NA_GOO_BRD_SenseIQ_10.09.-30.10.2025;Philips Serbia DAN;23028088734;249,529;4
VID_OMD_RS-SR_OHC_ID_InterdentalUndiv_InterdentalUndiv_NA_GOO_BRD_PowerFlosser_05.05.-04.07.;Philips Serbia DAN;22524433186;443,372;1.5
Dr. Oetker Doručkujmo zajedno Aug - Sep 2025 (DN) - CPC;Dr.Oetker EUR;22942585570;427,397;2.9
PMAX_OMD_RS-SR_GB_BEA_HairCare_Straight&CurlerCore_NA_GOO_BRD_SenseIQ_10.09.-30.10.2025;Philips Serbia DAN;23028088689;;
DG_OMD_RS-SR_GB_OG_OneBladeOther_OneBladeComm.Inn._RECMANOB_GOO_BRD_Intimate_W_9.6.-30.7.;Philips Serbia DAN;22651133247;404,937;5.2
PMAX_OMD_RS-SR_GB_OG_OneBladeOther_OneBladeComm.Inn._RECMANOB_GOO_BRD_OneBlade_16.6.-20.8.2025.;Philips Serbia DAN;22680238722;;
DG_OMD_SI-SL_OHC_ID_InterdentalUndiv_InterdentalUndiv_NA_GOO_BRD_PowerFlosser_05.05.-04.07.;Philips_SLO;22514311083;59,261;1.9
VID_OMD_RS-SR_GB_OG_OneBladeOther_OneBladeComm.Inn._RECMANOB_GOO_BRD_Intimate_W_9.6.-30.7.;Philips Serbia DAN;22660872715;1,111,562;2.3
PMAX_OMD_RS-SR_ALL_CrossBU_CrossProduct_CrossProduct_NA_GOO_BRD_Webshop_AO;Philips Serbia DAN;22857655199;;
VID_OMD_RS-SR_GB_BEA_HairCare_Straight&CurlerCore_NA_GOO_BRD_SenseIQ_10.09.-30.10.2025;Philips Serbia DAN;23034172058;583,063;1.6
VID_OMD_SI-SL_OHC_ID_InterdentalUndiv_InterdentalUndiv_NA_GOO_BRD_PowerFlosser_05.05.-04.07.;Philips_SLO;22514313036;100,874;1.3
Dr. Oetker Turisti Jul - Aug 2025 (DN) - CPC;Dr.Oetker EUR;22774059526;684,248;3.7
Dr. Oetker Baguette September 2025 (DN) - CPC;Dr.Oetker EUR;22987364054;375,230;2.7
PMAX_OMD_RS-SR_OHC_ID_InterdentalUndiv_InterdentalUndiv_NA_GOO_BRD_PowerFlosser_05.05.-04.07.;Philips Serbia DAN;22524434296;;
DG_OMD_RS-SR_OHC_ID_InterdentalUndiv_InterdentalUndiv_NA_GOO_BRD_PowerFlosser_05.05.-04.07.;Philips Serbia DAN;22514381406;140,271;1.6
DG_OMD_SI-SL_GB_OG_OneBladeOther_OneBladeComm.Inn._RECMANOB_GOO_BRD_One Blade 16.6.-20.8.2025.;Philips_SLO;22689604765;322,961;11.3
PMAX_OMD_SI-SL_ALL_CrossBU_CrossProduct_CrossProduct_NA_GOO_BRD_Webshop_AO;Philips_SLO;22854651094;;
202507//Bref//Power Active RL 24//Easier Way campaign//video//Trueview;CEE//HR//L//TWC//Clean & fresh toilet//Bref;22800836042;859,872;2.9
Kaufland - BTS -  1. i 2. val - Aug - Sep 2025 (DN) - CPC;Kaufland_Display_HR;22902769159;466,671;4.4
SusiliceSep25_MDA_LaundryCare_Dryers_Flight_GGL;HR_Bosch_MDA_GDN_404Agency_EUR_AlwaysOn;23018167917;261,620;3.6
Kaufland - Image - Impuls - FIMA - Split - Ravne njive - Jun-Jul 2025 (DN) - CPC;Kaufland_Display_HR;22719312160;93,242;3.6
Unlimited10Apr25_SDA_IndoorCleaning_VacuumCleaners_Flight;HR_Bosch_SDA_GDN_404Agency_EUR_AlwaysOn;22401215921;94,123;8.4
Kaufland - SuperSommer - 1., 2., 3., 4., 5., 6. i 7. val - 2025 (DN) - CPM - Other languages;Kaufland_Display_HR;22609066737;1,157,367;16.7
Kaufland GDN Godišnja 2026 (DN);Kaufland_Display_HR;19354219109;1,318,536;13.9
Kaufland - Impuls - Online leaflets - Back to school - Aug-Sep 2025 (DN) - CPC;Kaufland_Display_HR;22942079495;468,434;4.1
Kaufland - SuperSommer - 1., 2., 3., 4., 5., 6. i 7. val - 2025 (DN) - CPM - Polish language;Kaufland_Display_HR;22609067019;180,644;13.2
Kaufland - Impuls - Nova Gradiška - Sept-Oct 2025 (DG) - CPC;Kaufland_Display_HR;23064392874;74;1.8
Kaufland - Impuls - Kaufland Card - Blue Tuesday - Aug 2025 (DN) - CPC;Kaufland_Display_HR;22922001768;403,261;4
Kaufland - Impuls - Ivanec - Sept-Nov 2025 (DG) - CPC;Kaufland_Display_HR;23055092044;6,216;1.9
Kaufland - Impuls - Image - Price - Cjenovna kampanja - Sept-Oct 2025 (DG) - CPC;Kaufland_Display_HR;22973235801;591,030;5.1
Kaufland - SuperSommer - 1., 2., 3., 4., 5., 6. i 7. val - 2025 (DN) - CPM - Slovenian language;Kaufland_Display_HR;22609067442;204,302;10.4
Kaufland - Impuls - Competition - NEO konkurencija - Neviđena rasprodaja - Jankomir - Aug 2025 (DG) - CPC;Kaufland_Display_HR;22939420753;60,835;2
202505//Perwoll//Perwoll_FCA Touch of New B 25//Touch of New//Trueview;CEE//HR//L//SPD//Expressive Clothes//Perwoll;22658175089;1,549,069;6.2
Kaufland - Image - Impuls - Other - Otvaranje konkurencije - Vinkovci - Jun-Jul 2025 (DN) - CPM;Kaufland_Display_HR;22715554283;182,960;7
Kaufland - Image - Impuls - FIMA - Split - Ravne njive - 100ti kupac - Split - Jul-Aug 2025 (DN) - CPM;Kaufland_Display_HR;22829619343;251,520;3.3
Kaufland - Stranci - Filipino - Jul 2025 (DN) - CPM;Kaufland_Display_HR;22783166083;1,151;5.9
Kaufland - SuperSommer - 1., 2., 3., 4., 5., 6. i 7. val - 2025 (DN) - CPM - German language;Kaufland_Display_HR;22619003188;594,902;16.8
Kaufland - Impuls - Kaufland Card - Blue Tuesday - July 2025 (DN) - CPC;Kaufland_Display_HR;22832422795;325,830;4.7
Kaufland - SuperSommer - 1., 2., 3., 4., 5., 6. i 7. val - 2025 (DN) - CPM - Italian language;Kaufland_Display_HR;22615379438;103,222;17.9
202503// Got2b_STY Topseller B 25_Bumper_16x9_6s_BeachMatt_ChillHold//6sec//CPM//W18-54;CEE//HR//B//Hair Styling//got2b Styling//got2b;22614852371;751,463;2.1
Kaufland - Stranci - Hindi - Jul 2025 (DN) - CPM;Kaufland_Display_HR;22783135600;79,618;9.8
Kaufland - Impuls - Competition - NEO konkurencija - Neviđena rasprodaja - Jankomir - Aug 2025 (DN) - CPM;Kaufland_Display_HR;22935327806;170,925;6.6
Kaufland - Dex Rock - Jul-Aug 2025 (DN) - CPM;Kaufland_Display_HR;22797257519;642,248;6.9
202503// Got2b_STY Topseller B 25_OLV_16x9_15s_RangeBeachMattTwistedPowderful-Master_ChillHold&HeatProtection&VolumeBoost//15sec//CPM//W18-54;CEE//HR//B//Hair Styling//got2b Styling//got2b;22608337149;583,120;2.2
Kaufland - Impuls - Split - Ravne njive - Sept-Nov 2025 (DG) - CPC;Kaufland_Display_HR;23055052468;32,985;2.3
XXLhladnjaciMay25_MDA_Refrigeration_Fridges_Flight;HR_Bosch_MDA_GDN_404Agency_EUR_AlwaysOn;22562643721;703,765;5.8
202507//Bref//Power Active RL 24//Easier Way campaign//video//Bumper;CEE//HR//L//TWC//Clean & fresh toilet//Bref;22794974865;871,225;2.7
Kaufland - Stranci - Punjabi - Jul 2025 (DN) - CPM;Kaufland_Display_HR;22779254867;375;7.1
Audi A6 Aug - Sep 2025 (YT) - Reach mix - CPM;Porsche Audi 2023;22942514632;1,127,128;3.8
Volkswagen PHEV Sep - Oct 2025 (DG) - CPC;Porsche Volkswagen osobna vozila 2023;22999073400;364,989;5.9
Škoda Kodiaq PHEV August 2025 (YT) - CPM;Porsche Škoda 2023;22845894406;830,533;3.3
Porsche Moon May - Jul 2025 - (DG) - CPC;Porsche Moon 2023;22575439607;30,635;1.4
Škoda Superb PHEV August 2025 (YT) - CPM;Porsche Škoda 2023;22845574717;1,132,657;4.2
Volkswagen PHEV Jun-Aug 2025 (YT) - Reach Mix - CPM;Porsche Volkswagen osobna vozila 2023;22718937352;1,143,471;3.9
Porsche Moon May - Jul 2025 - (DN) - CPC;Porsche Moon 2023;22575576404;2,249;1.6
Porsche Moon May - Jul 2025 - (YT) - VVC;Porsche Moon 2023;22579330750;32,957;1.1
Volkswagen PHEV Sep - Oct 2025 (PMAX) - CPA;Porsche Volkswagen osobna vozila 2023;23005255190;;
Škoda Kodiaq PHEV August 2025 (DG) - CPC;Porsche Škoda 2023;22836207357;338,036;7.3
Škoda Superb PHEV August 2025 (DG) - CPC;Porsche Škoda 2023;22841776748;487,657;13.2
Volkswagen PHEV Sep - Oct 2025 (YT) - CPM;Porsche Volkswagen osobna vozila 2023;23005360310;268,457;1.6
Volkswagen PHEV Jun-Aug 2025 (DG) - CPC;Porsche Volkswagen osobna vozila 2023;22719192229;908,702;11.2
Audi A6 Aug - Sep 2025 (DN) - CPM;Porsche Audi 2023;22938933272;678,140;8.2
T03_000098_HR_NSU_ProtectMoisture_CO_May25_Jul25_fullf_OMD_DigGR_TrueView;HR_Nivea_YouTube_x_OMD_EUR;22545157905;512,238;3
202505//Syoss Care//Syoss_CAR Keratin RL 25//Syoss_CAR Keratin RL 25//video//Trueview;CEE//HR//B//Hair Colorants//Syoss Color//Syoss Color;22642352104;1,095,935;4.4
202505//Persil//Persil_FCN YAGYB ANZ & EU B 25//YAGYB ANZ & EU//video//Trueview;CEE//HR//L//HDD Leading Premium//Perfect Cleanliness//Persil;22592916878;1,166,159;4.1
T03_001642_HR_NFC_Luminous630Glow_AW_Jun25_Aug25_fullf_OMD_DigGR_Trueview;HR_Nivea_YouTube_x_OMD_EUR;22637616678;662,643;3.5
T03_000286_HR_NFL_MicellarExtra_AW_Jun25_Jul25_fullf_OMD_DigGR_Trueview;HR_Nivea_YouTube_x_OMD_EUR;22601582282;246,025;1.5
T03_000031_HR_NBD_Q10Firming_AW_Jun25_Jul25_fullf_OMD_DigGR_Trueview;HR_Nivea_YouTube_x_OMD_EUR;22609346806;799,397;2.8
T03_000098_HR_NSU_ProtectMoisture_CO_May25_Jul25_fullf_OMD_DigGR_Shorts;HR_Nivea_YouTube_x_OMD_EUR;22551605888;38,024;2.9
T03_001487_HR_NME_MensCareVariousProducts_AW_Jun25_Aug25_fullf_OMD_DigGR_TrueView;HR_Nivea_YouTube_x_OMD_EUR;22707031568;1,235,248;5
T03_000286_HR_NFL_MicellarExtra_CO_Jun25_Jul25_fullf_OMD_DigGR_Trueview;HR_Nivea_YouTube_x_OMD_EUR;22601760185;331,351;2.9
202509//Ceresit//Ceresit CT19;CEE//HR//A//Tiling P​ro//Tiling Pro//Cere​sit;23051949030;29,538;2.2
202505//Syoss Styling//Syoss_MBR Keratin RL 25//Syoss_MBR Keratin RL 25//video//Trueview;CEE//HR//B//Hair Colorants//Syoss Color//Syoss Color;22594564050;421,730;2.4
T03_001642_HR_NFC_Luminous630Glow_CO_Jun25_Aug25_fullf_OMD_DigGR_Shorts;HR_Nivea_YouTube_x_OMD_EUR;22643794958;185,336;5.4
T03_001636_HR_NFC_CellularEpigenetics_AW_Sep25_Oct25_fullf_OMD_DigGR_VRC_oKPI;HR_Nivea_YouTube_x_OMD_EUR;22911143511;853,816;3.8
T03_001487_HR_NME_MensCareVariousProducts_AW_Jun25_Aug25_fullf_OMD_DigGR_Bumper;HR_Nivea_YouTube_x_OMD_EUR;22701067602;1,267,375;5.7
202505//Persil//Persil_FCN YAGYB ANZ & EU B 25//YAGYB ANZ & EU//video//Bumper;CEE//HR//L//HDD Leading Premium//Perfect Cleanliness//Persil;22592918381;1,591,029;4
202505//Syoss Care//Syoss_CAR Keratin RL 25//Syoss_CAR Keratin RL 25//video//Bumper;CEE//HR//B//Hair Colorants//Syoss Color//Syoss Color;22632678660;1,529,089;3.8
T03_000098_HR_NSU_ProtectMoisture_AW_May25_Jul25_fullf_OMD_DigGR_Bumper;HR_Nivea_YouTube_x_OMD_EUR;22551416534;582,432;2.9
T03_001632_HR_NFC_CellularSerumRange_AW_Jun25_Aug25_fullf_OMD_DigGR_TrueView;HR_Nivea_YouTube_x_OMD_EUR;22673212687;390,743;3.1
T03_001632_HR_NFC_CellularSerumRange_AW_Jun25_Aug25_fullf_OMD_DigGR_Bumper;HR_Nivea_YouTube_x_OMD_EUR;22673043328;704,035;2.9
T03_000033_HR_NCR_Soft_AW_Jun25_Aug25_fullf_OMD_DigGR_Bumper;HR_Nivea_YouTube_x_OMD_EUR;22642254895;834,000;3.2
T03_001630_HR_NDO_DermaControl(unisex)_AW_Aug25_Oct25_fullf_OMD_DigGR_VRCM_oKPI;HR_Nivea_YouTube_x_OMD_EUR;22867060452;615,097;3.8
T03_000286_HR_NFL_MicellarExtra_AW_Jun25_Jul25_fullf_OMD_DigGR_Bumper;HR_Nivea_YouTube_x_OMD_EUR;22601549246;275,860;1.7
T03_000031_HR_NBD_Q10Firming_AW_Jun25_Jul25_fullf_OMD_DigGR_Shorts;HR_Nivea_YouTube_x_OMD_EUR;22599321744;279,603;2.8
202506//Gliss//Gliss_CAR Liquid Silk LX 24//Gliss_CAR Liquid Silk LX//video//TrueView;CEE//HR//B//Hair Care//Gliss Care//Gliss;22629454076;823,307;2.7
202505//Schauma//Schauma_CAR Long Hair B 25//Schauma_CAR Long Hair B 25//video//Bumper;CEE//HR//B//Hair Care//Schauma Family//Schauma;22524522930;1,147,700;3.1
T03_001642_HR_NFC_Luminous630Glow_AW_Jun25_Aug25_fullf_OMD_DigGR_Bumper;HR_Nivea_YouTube_x_OMD_EUR;22647377695;691,618;4.3
T03_001630_HR_NDO_DermaControl(unisex)_AW_Aug25_Oct25_fullf_OMD_DigGR_VRCF_oKPI;HR_Nivea_YouTube_x_OMD_EUR;22876405666;856,863;4.7
202509//Ceresit//CE&CS25//Brand Campaign;CEE//HR//A//Tiling P​ro//Tiling Pro//Cere​sit;23035480243;328,031;3.8
202505//Syoss Styling//Syoss_MBR Keratin RL 25//Syoss_MBR Keratin RL 25//video//Bumper;CEE//HR//B//Hair Colorants//Syoss Color//Syoss Color;22594603356;555,742;1.9
202501//Somat//Somat Excellence Premium 5in1//5in1 Cap - Life happens//video//Bumper//W25-54;CEE//HR//L//ADW//Disburdening//Somat;22082451351;257,143;1.1
T03_000286_HR_NFL_MicellarExtra_CO_Jun25_Jul25_fullf_OMD_DigGR_Shorts;HR_Nivea_YouTube_x_OMD_EUR;22601647835;138,426;3.5
202501//Somat//Somat Excellence Premium 5in1//5in1 Cap - Life happens//video//Trueview//W25-54;CEE//HR//L//ADW//Disburdening//Somat;22082345952;233,586;1.1
T03_001642_HR_NFC_Luminous630Glow_CO_Jun25_Aug25_fullf_OMD_DigGR_Trueview;HR_Nivea_YouTube_x_OMD_EUR;22686046442;841,947;4.5
202505//Schauma//Schauma_CAR Long Hair B 25//Schauma_CAR Long Hair B 25//video//Trueview;CEE//HR//B//Hair Care//Schauma Family//Schauma;22530853916;837,612;3.9
T03_001636_HR_NFC_CellularEpigenetics_CO_Sep25_Oct25_fullf_OMD_DigGR_TrueView_oKPI;HR_Nivea_YouTube_x_OMD_EUR;22928895972;455,191;2
202506//Gliss//Gliss_CAR Liquid Silk LX 24//Gliss_CAR Liquid Silk LX//video//Bumper;CEE//HR//B//Hair Care//Gliss Care//Gliss;22629474629;978,109;2.4
T03_000031_HR_NBD_Q10Firming_AW_Jun25_Jul25_fullf_OMD_DigGR_Bumper;HR_Nivea_YouTube_x_OMD_EUR;22605577634;915,208;3.1
T03_001487_HR_NME_MensCareVariousProducts_AW_Jun25_Aug25_fullf_OMD_DigGR_Shorts;HR_Nivea_YouTube_x_OMD_EUR;22710781375;472,098;4.4
T03_000033_HR_NCR_Soft_AW_Jun25_Aug25_fullf_OMD_DigGR_Trueview;HR_Nivea_YouTube_x_OMD_EUR;22642276246;768,229;2.8
T03_001637_HR_NFC_Q10UVSerum_AW_Jul25_Aug25_fullf_OMD_DigGR_VRC;HR_Nivea_YouTube_x_OMD_EUR;22759159350;1,286,156;4.7
McDonald's Snack Menu Sep - Oct 2025 (YT) - Bumper;McDonald's EUR;22994092464;903,015;2.4
DG_OMD_HR-HR_GB_BEA_HairCare_Straight&CurlerCore_NA_GOO_BRD_SenseIQ_10.09.-30.10.2025.;Philips Hrvatska EUR;23025722586;99,268;7.1
McDonald's MOP Sep - Nov 2025 (YT) - Bumper;McDonald's EUR;23038275832;273,616;1.4
McDonald's HM Lil McD's July 2025 (YT) - CPV;McDonald's EUR;22784870398;388,323;1.7
lactogyn_june_2025_display_cpm;JGL Croatia EUR;22791210171;1,277,504;11.7
McDonald's Opusteno Dopusteno II August 2025 (YT) - CPV;McDonald's EUR;22895928142;489,126;2.4
McDonald's HM Lil McD's July 2025 (YT) - Bumper;McDonald's EUR;22775346894;399,058;1.3
Awareness_CPM_Croatia_YouTube_Hidra_EquityI-YT-April-July2025;Croatia_Hidra;22418606613;472,309;1.6
JGL Muzej farmacije HR Jul - Aug 2025 (DG) - CPC;JGL Croatia EUR;22738795586;182,172;2.7
VID_OMD_HR-HR_OHC_PTB_PTBPremium_Sonicare8000S_RECMTPTB_GOO_BRD_Sonicare Prismatic_25.6.-20.7.2025.;Philips Hrvatska EUR;22725272300;810,385;2.4
McDonald's Pistachio Desert II June - August 2025 (YT) - CPV;McDonald's EUR;22706177735;449,131;2.3
McDonald's Maestro III June-August 2025 (YT) - CPV;McDonald's EUR;22738216012;579,392;2.1
McDonald's Srijeda koja vrijedi više AO Sep - Oct (YT) - Bumper;McDonald's EUR;23062023277;232,317;1.3
Zott Hungry May - Jul 2025 (YT) - Reach Mix;Zott EUR;22588201807;747,993;2.2
Zott Protein Sep - Oct 2025 (YT) - Bumper - CPM;Zott EUR;23008688854;312,520;2.4
Awareness_CPM_Croatia_GoogleAds_Hidra_EquityI-GDN-April-July2025;Croatia_Hidra;22429120937;421,903;2.5
JGL Muzej farmacije TUR Jul - Aug 2025 (DN) - CPC;JGL Croatia EUR;22735542698;1,057;2.2
McDonald's McCrispy AO Aug - Sep 2025 (YT) - Bumper;McDonald's EUR;22892098685;1,006,286;3.1
Zott Protein Sep - Oct 2025 (DN) - CPM;Zott EUR;23008688608;386,321;4.8
McDonald's Employer Image - June - August 2025 Performance Max - CPA;McDonald's EUR;22681905575;;
McDonald's Opusteno Dopusteno II August 2025 (YT) - Bumper;McDonald's EUR;22895981650;975,358;2.3
reflustat_september_2025_youtube_fc_cpm;JGL Croatia EUR;23024710483;277,011;3.6
McDonald's 1+1 May-Aug 2025 (YT) - Bumper;McDonald's EUR;22577658432;957,976;2.5
McDonald's Coffee AO Sep - Dec 2025 (YT) - Bumper;McDonald's EUR;23061447079;48,247;1.2
Nissan QQ July 2025 - Performance Max;Nissan Hrvatska EUR;22769359148;;
McDonald's Srijeda koja vrijedi više AO June - September 2025 (YT) - Bumper;McDonald's EUR;22684499418;1,509,901;5.8
fungilac_march_2025_youtube_fc_cpm;JGL Croatia EUR;22397772365;311,343;3.8
McDonald's McDelivery AO Sep - Oct 2025 (YT) - CPV;McDonald's EUR;23051723493;29,372;1.2
McDonald's Stripsi June - July 2025 (YT) - CPV;McDonald's EUR;22739124367;4,244,029;1
McDonald's McCrispy July 2025 (YT) - CPV;McDonald's EUR;22738912700;483,314;1.9
McDonald's Snack Menu Sep - Oct 2025 (YT) - CPV;McDonald's EUR;23000376953;412,490;2.1
McDonald's Maestro IV Sep - Oct 2025 (YT) - CPV;McDonald's EUR;22982571265;304,160;2
McDonald's HM TMNT x Sanrio August 2025 (YT) - CPV;McDonald's EUR;22872439121;154,348;1.5
JGL Muzej farmacije TUR Jul - Aug 2025 (DG) - CPC;JGL Croatia EUR;22738852523;239,087;3.2
McDonald's Breakfast AO Sep - Dec 2025 (YT) - Bumper;McDonald's EUR;23051177880;30,148;1.1
McDonald's MOP Sep - Nov 2025 (YT) - CPV;McDonald's EUR;23038260706;127,722;1.5
lactogyn_june_2025_youtube_fc_cpm;JGL Croatia EUR;22791527244;593,731;6.8
lactogyn_june_2025_youtube_cpm;JGL Croatia EUR;22797176144;117;1
McDonald's McNuggets II July - August 2025 - Bumper;McDonald's EUR;22809289179;808,678;2
McDonald's McDelivery July - September 2025 (YT) - CPV;McDonald's EUR;22732857306;548,562;2.3
McDonald's Mixology July 2025 (YT) - CPV;McDonald's EUR;22761591506;301,148;1.6
McDonald's Mixology July 2025 (YT) - Bumper;McDonald's EUR;22765251787;570,151;1.5
McDonald's IceCoffe June - August 2025 (YT) - CPV;McDonald's EUR;22738910359;5,137,000;1
McDonald's MOP Aug - Sep 2025 (YT) - CPV;McDonald's EUR;22969983779;443,069;2.2
McDonald's Employer Image III Aug - Sep 2025 (YT) - CPV;McDonald's EUR;22921320684;496,676;2.4
McDonald's Maestro III June-August 2025 (YT) - Bumper;McDonald's EUR;22738160776;1,181,568;2.6
VID_OMD_HR-HR_GB_OG_OneBladeOther_OneBladeComm.Inn._RECMANOB_GOO_BRD_One Blade_3.9.-5.10.;Philips Hrvatska EUR;22983748780;772,776;3.2
Zott Jogobella Sept - Oct 2025 (YT) - TrueView - CPV;Zott EUR;23005394785;224,498;2.5
McDonald's Grimace May - July 2025 (YT) - CPV;McDonald's EUR;22728306162;457,169;2.9
McDonald's Employer Image IV Sep - Nov 2025 (Performance Max) AO - CPA;McDonald's EUR;23019979679;;
McDonald's HM TMNT x Sanrio August 2025 (YT) - Bumper;McDonald's EUR;22866665976;234,649;1.2
McDonald's Coffee July - September 2025 (YT) - CPV;McDonald's EUR;22733053338;451,914;2.3
McDonald's MOP Aug - Sep 2025 (YT) - Bumper;McDonald's EUR;22974152623;1,035,246;2.6
PMAX_OMD_HR-HR_GB_OG_OneBladeOther_OneBladeComm.Inn._RECMANOB_GOO_BRD_One Blade 16.6.-20.8.2025.;Philips Hrvatska EUR;22689449956;;
VID_OMD_HR-HR_GB_BEA_HairCare_Straight&CurlerCore_NA_GOO_BRD_SenseIQ_10.09.-30.10.2025.;Philips Hrvatska EUR;23035809352;315,802;1.9
fungilac_march_2025_display_cpm;JGL Croatia EUR;22391274867;683,421;6.1
McDonald's Maestro IV Sep - Oct 2025 (YT) - Bumper;McDonald's EUR;22972236465;739,532;2.2
McDonald's McDelivery July - September 2025 (YT) - Bumper;McDonald's EUR;22739006393;1,063,826;2.9
McDonald's Employer Image III Aug - Sep 2025 (Demand Gen) - CPC;McDonald's EUR;22921219638;676,086;6.3
McDonald's Employer Image III Aug - Sep 2025 (Performance Max) - CPA;McDonald's EUR;22927005302;;
McDonald's McDelivery AO Sep - Oct 2025 (YT) - Bumper;McDonald's EUR;23061820288;73,336;1.1
Zott Monte May - Jul 2025 (YT) - TrueView - CPV;Zott EUR;22548433632;416,976;3.1
VID_OMD_HR-HR_GB_OG_OneBladeOther_OneBladeComm.Inn._RECMANOB_GOO_BRD_1st Shave_Teens_5.9.-15.10.2025.;Philips Hrvatska EUR;22980662139;135,573;4.1
PMAX_OMD_HR-HR_ALL_CrossBU_CrossProduct_CrossProduct_NA_GOO_BRD_Webshop_AO_Lumea;Philips Hrvatska EUR;23035354024;;
JGL Muzej farmacije HR Jul - Aug 2025 (DN) - CPC;JGL Croatia EUR;22729381812;1,988;1.8
McDonald's McNuggets II July - August 2025 - CPV;McDonald's EUR;22818941470;590,615;2.3
Zott Monte May - Jul 2025 (YT) - Bumper - CPM;Zott EUR;22554802796;478,407;1.9
McDonald's Coffee AO Sep - Dec 2025 (YT) - CPV;McDonald's EUR;23057401193;12,217;1.1
McDonald's Breakfast July - September 2025 (YT) - CPV;McDonald's EUR;22743236866;448,206;2.2
Zott Monte Aug - Sep 2025 (YT) - TrueView - CPV;Zott EUR;22946567491;416,603;4.1
VID_OMD_HR-HR_OHC_ID_InterdentalUndiv_InterdentalUndiv_NA_GOO_BRD_PowerFlosser_5.5.-4.7.;Philips Hrvatska EUR;22514122692;154,201;1.3
McDonald's Stripsi June - July 2025 (YT) - Bumper;McDonald's EUR;22739104237;6,120,917;1
McDonald's Employer Image III - Young Adults - Aug - Sep 2025 (VVC) - CPV;McDonald's EUR;22931314702;327,549;3.4
Zott Protein Sep - Oct 2025 (YT) - TrueView - CPV;Zott EUR;23008688560;268,607;2.9
McDonald's Srijeda koja vrijedi više AO June - September 2025 (YT) - CPV;McDonald's EUR;22684510476;743,494;2.7
DG_OMD_HR-HR_GB_OG_OneBladeOther_OneBladeComm.Inn._RECMANOB_GOO_BRD_One Blade 16.6.-20.8.2025.;Philips Hrvatska EUR;22679748705;608,709;6.5
McDonald's 1+1 May-Aug 2025 (YT) - CPV;McDonald's EUR;22577682633;570,986;2.4
PMAX_OMD_HR-HR_ALL_CrossBU_CrossProduct_CrossProduct_NA_GOO_BRD_Webshop_AO;Philips Hrvatska EUR;22850295323;;
DG_OMD_HR-HR_OHC_ID_InterdentalUndiv_InterdentalUndiv_NA_GOO_BRD_PowerFlosser_5.5.-4.7.;Philips Hrvatska EUR;22514121090;156,824;2.1
McDonald's Coffee July - September 2025 (YT) - Bumper;McDonald's EUR;22733055054;956,138;3.3
Nissan QQ Sep - Oct 2025 (DN) - CPM;Nissan Hrvatska EUR;23027683820;801,636;6.3
PMAX_OMD_HR-HR_GB_BEA_HairCare_Straight&CurlerCore_NA_GOO_BRD_SenseIQ_10.09.-30.10.2025.;Philips Hrvatska EUR;23031771971;;
Zott Jogobella Sept - Oct 2025 (YT) - Bumper - CPM;Zott EUR;23001363809;213,374;1.6
Traffic_CPC_Croatia_GoogleAds_Hidra_NCP-Campaign-June-August-2025;Croatia_Hidra;22689317509;1,009,645;4.7
McDonald's Pistachio Desert II June - August 2025 (YT) - Bumper;McDonald's EUR;22710122542;962,737;2
Nissan QQ Sep - Oct 2025 - Performance Max;Nissan Hrvatska EUR;23021710473;;
McDonald's Srijeda koja vrijedi više AO Sep - Oct (YT) - CPV;McDonald's EUR;23062023805;55,289;1.2
McDonald's Zapošljavanje Zabok Aug - Sep 2025 (Perfomance Max) - CPA;McDonald's EUR;22915596195;;
Nissan QQ July 2025 (DN) - CPM;Nissan Hrvatska EUR;22763308746;1,603,147;8.4
McDonald's McCrispy July 2025 (YT) - Bumper;McDonald's EUR;22742489014;1,013,426;2.1
McDonald's IceCoffe June - August 2025 (YT) - Bumper;McDonald's EUR;22738859515;1,167,864;2.6
McDonald's Breakfast AO Sep - Dec 2025 (YT) - CPV;McDonald's EUR;23051178150;13,115;1.1
McDonald's Breakfast July - September 2025 (YT) - Bumper;McDonald's EUR;22739492762;783,841;2.3
VID_OMD_HR-HR_GB_OG_OneBladeOther_OneBladeComm.Inn._RECMANOB_GOO_BRD_1st Shave_Parents_5.9.-15.10.2025.;Philips Hrvatska EUR;22980662127;241,823;2
McDonald's McCrispy AO Aug - Sep 2025 (YT) - CPV;McDonald's EUR;22886402763;446,812;2.7
